objectid,parentid,title,architect,credits,credits_before,credits_after,caption_before,caption_after,date_construction,date_destruction,description,subjects,location,latitude,longitude,source,identifier,type,format,language,rights,rightsstatement,display_template,object_location,image_small,image_thumb,caption,notes,region,image_alt_text,object_transcript
obj_001,,Railway Station,V. M. Syromyatnikov,pastvu.com,pastvu.com,Serhii Leshchenko,Kostyantynivka Railway station in 1949,Ruins of Kostyantynivka Railway station,1949,2024-02-25,"The railway station was an example of decorated neoclassical architecture. The two-story building had a symmetrical plan, with the facade decorated with massive arched windows and a large pediment. Later, the station in the city of Kramatorsk was built to the same plan. The station building was significantly damaged by a missile attack, and the possibility of its restoration is unknown.",transport,Костянтинівка / Kostyantynivka,48.51212,37.729851,,kostyantynivka_railway_pastvu,record,,,,,multiple,/objects/kostyantynivka_railway_pastvu.jpg,/objects/small/kostyantynivka_railway_pastvu_sm.jpg,/objects/thumbs/kostyantynivka_railway_pastvu_th.jpg,,in ruins,Donetsk oblast,,
obj_004,,Tarnovsky House (Youth Library),,Semen Shyrochyn,Semen Shyrochyn,Ministry of Internal Affairs of Ukraine,Main façade of the Chernihiv youth library before the war,The damaged building of Chernihiv youth library,1900-1901,2022-03-11,"The neo-Gothic one-story building of the Tarnovsky House initially functioned as a craft school for the nearby orphanage. Since 1902 the building housed a museum of Ukrainian antiquities – one of the first and most famous in Ukraine. In 1980 the building was repurposed into the Chernihiv Regional Library for Youth. After the Russian shelling, the building was heavily damaged, but due to its status as an architectural monument it was decided to restore it.",public,Чернігів / Chernihiv,51.50236,31.325388,,chernihiv_library_semen_shyrochyn,record,,,,,multiple,/objects/chernihiv_library_semen_shyrochyn.jpg,/objects/small/chernihiv_library_semen_shyrochyn_sm.jpg,/objects/thumbs/chernihiv_library_semen_shyrochyn_th.jpg,,under restoration,Chernihiv oblast,,
obj_007,,Drama Theatre,"Olexandra Krylova, Oleg Malyshenko",Semen Shyrochyn,Semen Shyrochyn,Suspile Chernihiv,Main façade of the Chernihiv Drama theater before the war,Aerial view of the Chernihiv Drama theater after the strike,1959,2023-08-19,"The Chernihiv Drama Theatre occupies a key place in the urban ensemble of one of the main squares of Chernihiv. The facade of the neoclassical building is decorated with many sculptures, and the building itself was built according to a design that was used in several cities in Ukraine. Since the rocket exploded above the building, its walls were not seriously damaged.",public,Чернігів / Chernihiv,51.491369,31.299368,,chernihiv_theatre_semen_shyrochyn,record,,,,,multiple,/objects/chernihiv_theatre_semen_shyrochyn.jpg,/objects/small/chernihiv_theatre_semen_shyrochyn_sm.jpg,/objects/thumbs/chernihiv_theatre_semen_shyrochyn_th.jpg,,restoration announced,Chernihiv oblast,,
obj_010,,House of Officers,Joseph Karakis,Semen Shyrochyn,Semen Shyrochyn,president.gov.ua,"Main façade of the House of Officers, 2008",Aerial view of the House of Officers after the strike,1940,2022-07-14,"The neoclassical Officers' House in Vinnytsia occupies an important place in the ensemble of the surrounding streets and terminates the perspective of Vinnytsia’s Kotsyubinsky Avenue. The building was already damaged during the Second World War, after which it was restored. In 2022, it was damaged again. Despite the fact that the building has been an architectural monument since 1997, local authorities initially did not want to restore it, wanting to build a shopping mall instead. Only a scandal involving the urban conservation community forced them to change their plans.",public,Вінниця / Vynnitsya,49.238981,28.492331,,vynnitsya_semen_shyrochyn,record,,,,,multiple,/objects/vynnitsya_semen_shyrochyn.jpg,/objects/small/vynnitsya_semen_shyrochyn_sm.jpg,/objects/thumbs/vynnitsya_semen_shyrochyn_th.jpg,,restoration announced,Vinnytsia oblast,,
obj_013,,Bus Station,Volodymyr Vesnin,dp.informator.ua,dp.informator.ua,Mykola Synelnykov (REUTERS),Aerial view of the Bus station before the attack,Ruins of the Bus Station on the Day of attack,1993,2023-08-24,"The Dnipro Bus Station is an example of late modernism in Ukrainian architecture. In terms of design, it is the most complex bus station in all of Ukraine. The building had two levels of bus terminals, many administrative offices, and a hotel. The building was damaged by Russian shelling. Due to its young age, its architectural value is not publicly recognized, and it is unknown whether it will be restored.",transport,Дніпро / Dnipro,48.474068,35.008729,,dnipro_bus_station_dp_informator_ua,record,,,,,multiple,/objects/dnipro_bus_station_dp_informator_ua.jpg,/objects/small/dnipro_bus_station_dp_informator_ua_sm.jpg,/objects/thumbs/dnipro_bus_station_dp_informator_ua_th.jpg,,in ruins,Dnipropetrovsk oblast,,
obj_016,,Ice Sports Palace,"M. A. Aistov, Yu. A. Regentov, S. N. Badmaeva",Olexandr Yakubenko,Olexandr Yakubenko,vchaspik.ua,Ice Sports palace before the war,Ruins of Ice Sports Palace,1970-1975,2022-06-01,"The Severodonetsk Ice Sports Palace was one of the largest structures of its kind in the USSR, accommodating up to 5,000 spectators. The building was multifunctional: it could be used as a sports arena, a concert hall, a cinema, and a congress palace. The various functions of the building were depicted in several mosaics decorating the corners of the façade. As a result of Russian shelling, the structures supporting the roof of the hall were damaged and the building collapsed.",sports,Сєвєродонецьк / Severodonetsk,48.936931,38.499983,,severodonetsk_ice_palace(olexandr_yakubenko),record,,,,,multiple,/objects/severodonetsk_ice_palace(olexandr_yakubenko).jpg,/objects/small/severodonetsk_ice_palace(olexandr_yakubenko)_sm.jpg,/objects/thumbs/severodonetsk_ice_palace(olexandr_yakubenko)_th.jpg,,in ruins,Luhansk oblast,,
obj_019,,Joseph Lev House on Zhylianska Street,,Semen Shyrochyn,Semen Shyrochyn,sviydim.media,Josehp Lev house before the war,Joseph Lev house in ruins,1899-1900,2022-10-17,"This residential building on Zhylianska Street was built by the Jewish merchant Joseph Lev. The building's architecture is based on the popular brick style of the turn of the 19th and 20th centuries. This building was the first historical building in Kyiv to be damaged as a result of the Russian attack. Despite a petition from city residents for a restoration, city authorities are unwilling to restore it.",residential,Київ / Kyiv,50.441661,30.496472,,kyiv_zhylianska_semen_shyrochyn,record,,,,,multiple,/objects/kyiv_zhylianska_semen_shyrochyn.jpg,/objects/small/kyiv_zhylianska_semen_shyrochyn_sm.jpg,/objects/thumbs/kyiv_zhylianska_semen_shyrochyn_th.jpg,,in ruins,Kyiv,,
obj_022,,Zaporozhstal Factory House,"Volodymyr Pohorelov, Esfir Belman",Semen Shyrochyn,Semen Shyrochyn,zprz.city,Zaporozhstal factory house before the war,Zaporozhstal factory house on the day of attack,1955,2022-10-06,"The residential building of the Zaporizhstal plant is one of the key elements of the architectural ensemble of Soborny Avenue. Its facade is faced with ceramic tiles and richly decorated with architectural elements recalling the Renaissance. The restoration of the building after the Russian missile strike became a unique example of careful treatment of architectural monuments. During the ongoing reconstruction, the technology for ceramic tiles and decoration production has been used for the first time since the 1950s to recreate the lost decorations.",residential,Запоріжжя / Zaporizhzhia,47.845622,35.126502,,zaporizhzhia_151_semen_shyrochyn,record,,,,,multiple,/objects/zaporizhzhia_151_semen_shyrochyn.jpg,/objects/small/zaporizhzhia_151_semen_shyrochyn_sm.jpg,/objects/thumbs/zaporizhzhia_151_semen_shyrochyn_th.jpg,,under restoration,Zaporizhzhia oblast,,
obj_025,,Kahovska Power Plant,Georgy Orlov,uhe.gov.ua,uhe.gov.ua,news.obozrevatel.com,Aerial view of the Kahovska power plant machine hall before the war,Ruins of the demolished Kahovska power plant,1952-1955,2023-06-06,"The machine hall of the Kakhovka hydroelectric power station was incredibly exquisite in architectural terms. Its façade featured Renaissance-revival architectural techniques, while the round porthole windows referred to both the Bauhaus and the rose windows of the Gothic era. As a result of the blowing up of the hydroelectric power station by Russian troops, the machine hall fell apart into several pieces and cannot be restored.",industry,Нова Каховка / Nova Kakhovka,46.773782,33.373997,,kahovka_ges_uhe_gov_ua,record,,,,,multiple,/objects/kahovka_ges_uhe_gov_ua.jpg,/objects/small/kahovka_ges_uhe_gov_ua_sm.jpg,/objects/thumbs/kahovka_ges_uhe_gov_ua_th.jpg,,in ruins,Kherson oblast,,
obj_028,,DniproHES Machine Hall,Viktor Vesnin,Oleksandr Malyon,Oleksandr Malyon,president.gov.ua,DniproHES machine hall before the war,Inside the ruined DniproHES machine hall,1930-1932,2023-02-10,"The Dnieper Hydroelectric Power Plant's turbine hall was an interesting example of Soviet Constructivist architecture which recalls the modernism of the Bauhaus School. The building was faced with Armenian tuff. Many of the original design elements were preserved here, and the turbine hall was planned to be nominated for UNESCO World Heritage Site status.",industry,Запоріжжя / Zaporizhzhia,47.869194,35.081624,,zaporizhzhia_dnoproges_oleksandr_malyon,record,,,,,multiple,/objects/zaporizhzhia_dnoproges_oleksandr_malyon.jpg,/objects/small/zaporizhzhia_dnoproges_oleksandr_malyon_sm.jpg,/objects/thumbs/zaporizhzhia_dnoproges_oleksandr_malyon_th.jpg,,in ruins,Zaporizhzhia oblast,,
obj_031,,Lysychansk Gymnasium,,Serhii Hayday,Serhii Hayday,Serhii Hayday,Gymnasium before the war,Gymnasium during the fire,1895,2022-05-01,"The building of the Lysychansk Gymnasium (secondary school) is part of the unique ensemble of the Belgian architectural heritage. Initially, there were barracks for 170 people, later - a hospital, and later - the Gymnasium. The building was listed as a monument and preserved in its original condition until 2022.",educational,Лисичанськ / Lysychansk,48.889002,38.47212,,lysychansk_gymnasium_before_serhii_hayday,record,,,,,multiple,/objects/lysychansk_gymnasium_before_serhii_hayday.jpg,/objects/small/lysychansk_gymnasium_before_serhii_hayday_sm.jpg,/objects/thumbs/lysychansk_gymnasium_before_serhii_hayday_th.jpg,,in ruins,Luhansk oblast,,
obj_034,,Palace of Engineers and Technicians,"Vladyslav Fadeichev, Boris Dzbanovskyi, Yevhen Ivanov",donmining.info,donmining.info,vchaspik.ua,Palace in the 1950-s,"Ruins of the palace, 2022",1953,2022-06-15,The neoclassical building of the Palace of Engineers and Technicians won first place at the All-Ukrainian Competition for New Buildings in 1953. Its classicist architecture with the appropriate sculptural elements made it one of the most iconic buildings of the city. It was known for the high quality of the interior design on par with the famous government buildings in Kyiv.,public,Лисичанськ / Lysychansk,48.917548,38.428164,,lysychansk_itr_donmining_info,record,,,,,multiple,/objects/lysychansk_itr_donmining_info.jpg,/objects/small/lysychansk_itr_donmining_info_sm.jpg,/objects/thumbs/lysychansk_itr_donmining_info_th.jpg,,in ruins,Luhansk oblast,,
obj_037,,Kostyantynivka City Administration,Emmanuil Kodnir,konstrada.gov.ua,konstrada.gov.ua,Donetsk Regional State Administration,"City administration before the war, 2016","Damaged city administration building, 2024",1934-1935,2024-10-06,"The building of the Kostiantynivka city administration was originally built as a hotel. Its main facade was oriented towards the railway, as the main city thoroughfare. The building went through a number of renovations, being originally built to a constructivist architectural style, with classical decorative elements later enriching the facade, finally being covered in tile.",administrative,Костянтинівка / Kostyantynivka,48.533249,37.693319,,kostyantynivka_administration_konstrada_gov_ua,record,,,,,multiple,/objects/kostyantynivka_administration_konstrada_gov_ua.jpg,/objects/small/kostyantynivka_administration_konstrada_gov_ua_sm.jpg,/objects/thumbs/kostyantynivka_administration_konstrada_gov_ua_th.jpg,,in ruins,Donetsk oblast,,
obj_040,,Kharkiv Regional Administration,"Volodymyr Orekhov, Venyamin Kostenko",Semen Shyrochyn,Semen Shyrochyn,MNS.GOV.UA,"Regional administration before the war, 2018","Ruins of building, 2022",1951-1954,2022-03-01,"The Kharkiv Regional Administration building is a reconstruction of a constructivist building designed by architect Steinberg in the 1930s. During the reconstruction, the facade design was changed to neoclassical—the new look given to the whole square. The building is richly decorated with classical elements. After being hit by two missiles, the building was badly damaged, but the public is fighting for its restoration.",administrative,Харків / Kharkiv,50.004226,36.236011,,kharkiv_oda_shyrochyn,record,,,,,multiple,/objects/kharkiv_oda_shyrochyn.jpg,/objects/small/kharkiv_oda_shyrochyn_sm.jpg,/objects/thumbs/kharkiv_oda_shyrochyn_th.jpg,,in ruins,Kharkiv oblast,,
obj_043,,Mykolaiv Regional Administration,"Svitlana Fadeeva, Petro Kazmerchuk",dnabb.org,dnabb.org,Dsns.gov.ua,"Administration building right after completion, 1981","Ruins of building, 2022",1981,2022-03-29,"The building of the Mykolaiv regional administration became the final element to the ensemble of the central square of the city. Designed in the modernist style, it had a clearly expressed vertical rhythm, echoing the city council building located opposite. The interior of the building contained many monumental art elements. The missile strike completely pierced the central part of the building, and thus its restoration is not considered possible.",administrative,Миколаїв / Mykolaiv,46.974887,31.997203,,mykolaiv_oda_dnabb,record,,,,,multiple,/objects/mykolaiv_oda_dnabb.jpg,/objects/small/mykolaiv_oda_dnabb_sm.jpg,/objects/thumbs/mykolaiv_oda_dnabb_th.jpg,,in ruins,Mykolaiv oblast,,
obj_046,,Housing for Polytechnicians,Mihal Ryba,Roman Baluk,Roman Baluk,Roman Baluk,"Ruins of building, 2022","Restored building, 2024",1930,2023-07-06,"The residential complex at Striyska street was built in the style of early functionalism. The floor plate arranged around a central courtyard makes for a quiet, enclosed space. The complex was mostly settled by the workers of the Lviv Polytechnic. The restoration of the building began immediately after the missile attack and is mostly finished.",residential,Львів / Lviv,49.820803,24.020346,,lviv_polytechnic_baluk_ruined,record,,,,,multiple,/objects/lviv_polytechnic_baluk_ruined.jpg,/objects/small/lviv_polytechnic_baluk_ruined_sm.jpg,/objects/thumbs/lviv_polytechnic_baluk_ruined_th.jpg,,under restoration,Lviv oblast,,
obj_049,,Spaso-Preobrazhensky Cathedral,Vikentiy Vanrezant,Semen Shyrochyn,Semen Shyrochyn,president.gov.ua,"Cathedral before the war, 2013","Cathedral after attack, 2023","1804-1808, 1999-2003",2023-07-23,"The Spaso-Preobrazhensky (Transfiguration of the Savior) Cathedral was built as the main city church. The neoclassical building was located on a city square and served as the focal point of several streets. Its interior and exterior were richly decorated. After the destruction of the original church in 1936, it was restored in the late 20th century.",religious,Одеса / Odesa,46.48311,30.73174,,odessa_sobor_shyrochyn,record,,,,,multiple,/objects/odessa_sobor_shyrochyn.jpg,/objects/small/odessa_sobor_shyrochyn_sm.jpg,/objects/thumbs/odessa_sobor_shyrochyn_th.jpg,,restoration announced,Odesa oblast,,
obj_052,,St. George Church,,Ivan Bykov,Ivan Bykov,Ukrinform,Church before the war,The fire that destroyed the church,1873,2022-03-07,"St. George church in the village of Zavorychi was built in 1873. This single-domed wooden church represented the architectural trends of late 19th century. The church survived during the Second World War and the Soviet Era, though in 1935 it was closed and turned it into a grain store.",religious,Заворичі / Zavorychi,50.703871,31.15036,,zavorychi_bykov,record,,,,,multiple,/objects/zavorychi_bykov.jpg,/objects/small/zavorychi_bykov_sm.jpg,/objects/thumbs/zavorychi_bykov_th.jpg,,completely burnt,Kyiv oblast,,
obj_055,,Church of the Nativity of the Blessed Virgin Mary,,zhitomir.info,zhitomir.info,zhitomir.info,Church before the war,"Ruins of the church, 2022",1862,2022-03-07,"Church of the Nativity of the Blessed Virgin Mary was listed as a monument of national importance. It was one of the best examples of wooden architecture in the region, with its dome resembling neoclassical architecture. The church survived the duration of the Soviet Union including the Second World War, but was ruined by the Russian strike.",religious,В'язівка / Vyazivka,51.150925,28.879264,,vyazivka_zhitomir_info_1,record,,,,,multiple,/objects/vyazivka_zhitomir_info_1.jpg,/objects/small/vyazivka_zhitomir_info_1_sm.jpg,/objects/thumbs/vyazivka_zhitomir_info_1_th.jpg,,in ruins,Zhytomyr oblast,,
obj_058,,House of Abrasive Plant Workers,Georgiy Vegman,Semen Shyrochyn,Semen Shyrochyn,1news.zp.ua,"Building before the war, 2021","Ruins of building, 2023",1955,2023-10-18,"These apartments for workers in the abrasives plant were built as a part of larger urban ensemble of Soborny Avenue. Its architecture is consistent with a number of buildings along the avenue. The decision was made to restore the destroyed section, although it is not known whether the original architectural appearance will feature in the restoration, as the building was not listed for historical protection.",residential,Запоріжжя / Zaporizhzhia,47.811295,35.183399,,zaporizhzhia_sobor44_shyrochyn,record,,,,,multiple,/objects/zaporizhzhia_sobor44_shyrochyn.jpg,/objects/small/zaporizhzhia_sobor44_shyrochyn_sm.jpg,/objects/thumbs/zaporizhzhia_sobor44_shyrochyn_th.jpg,,restoration announced,Zaporizhzhia oblast,,
obj_061,,Drama Theatre,"Oleksandra Krylova, Oleg Malyshenko",Semen Shyrochyn,Semen Shyrochyn,Reuters,"Building before the war, 2021","Damaged theatre building, 2022",1956-1960,2022-03-16,"The Mariupol Drama Theatre was located on the axis of the city’s central avenue. Although this blueprint had already been used elsewhere, the facade had an unique design incorporating sculptural compositions. The air attack on the theatre caused numerous casualties among the people who used it as a shelter. The occupation authorities have started to restore it in its original form.",public,Маріуполь / Mariupol,47.096137,37.548059,,mariupol_theatre_shyrochyn,record,,,,,multiple,/objects/mariupol_theatre_shyrochyn.jpg,/objects/small/mariupol_theatre_shyrochyn_sm.jpg,/objects/thumbs/mariupol_theatre_shyrochyn_th.jpg,,under restoration,Donetsk oblast,,
obj_064,,House with the Clock,,informator.ua,informator.ua,informator.ua,House with a clock before the war,"House before demolition, 2022",1950-s,2023-01-27,"The House with the Clock was one of Mariupol’s most iconic buildings. The clock on the façade was a landmark and the corner underneath it was known as a common meeting-place. The tower housed the studio of the famous artist Viktor Arnautov. The occupiers did not repair the damaged building, opting instead to demolish it for new construction on the same site.",residential,Маріуполь / Mariupol,47.097247,37.543102,,mariupol_clock_before_informator_ua,record,,,,,multiple,/objects/mariupol_clock_before_informator_ua.jpg,/objects/small/mariupol_clock_before_informator_ua_sm.jpg,/objects/thumbs/mariupol_clock_before_informator_ua_th.jpg,,demolished for new construction,Donetsk oblast,,
obj_067,,Railway Station,Oscar Pleskov,modernism.in.ua,modernism.in.ua,Reuters,"Railway station on the old postard, 1980-s","Damaged building before demolition, april 2022",1974,2022-07-24,"The railway station building was typical of the modernist era. Its interior was decorated with a grand mosaic panel ""Metallurgists"" by Valentin Konstantinov and Lel Kuzminkov. The building's façade was later re-clad. After damage in 2022, the building was not restored, but demolished, and a new one, similar to the old, was built. The mosaics were lost.",transport,Маріуполь / Mariupol,47.085622,37.554944,,mariupol_railway_modernism_in_ua,record,,,,,multiple,/objects/mariupol_railway_modernism_in_ua.jpg,/objects/small/mariupol_railway_modernism_in_ua_sm.jpg,/objects/thumbs/mariupol_railway_modernism_in_ua_th.jpg,,demolished and rebuilt,Donetsk oblast,,
obj_070,,Railway Technical School (Former City Hall),,Mykhaylo Kulishov,Mykhaylo Kulishov,Dsns.gov.ua,"Building before the war, 2018","Building on fire, 14th October, 2022",1898,2022-10-14,"The building of the former city hall was one of the most elegant in old Bakhmut. The three-storey building, 90 meters wide, was built in the Neo-Renaissance style. The entire Donetsk region was managed from here in 1920-1924. Later, the building housed the railway administration, and since 1955 the railway technical school. In 2022, the building completely burned down as a result of shelling.",educational,Бахмут / Bakhmut,48.598002,37.997047,,bakhmut_zemska_before_mykhaylo_kulishov,record,,,,,multiple,/objects/bakhmut_zemska_before_mykhaylo_kulishov.jpg,/objects/small/bakhmut_zemska_before_mykhaylo_kulishov_sm.jpg,/objects/thumbs/bakhmut_zemska_before_mykhaylo_kulishov_th.jpg,,in ruins,Donetsk oblast,,
obj_073,,Center for Children and Youth (Former Bank),Mihail Polyakov,hyacint,hyacint,Olexiy Reva,Building before the war,"Building after the fire, November 2022",1906,2022-11-13,"This was one of the first bank buildings in the city. It has some art nouveau features, including floral ornaments. In the course of history, the building served as a pedagogical technical school, a teacher's institute, a high school and a children's and youth center. As a result of Russian shelling, the building was completely burned down.",public / educational,Бахмут / Bakhmut,48.586035,38.00243,,bakhmut_city_childrens_and_youth_center_before_hyacint,record,,,,,multiple,/objects/bakhmut_city_childrens_and_youth_center_before_hyacint.jpg,/objects/small/bakhmut_city_childrens_and_youth_center_before_hyacint_sm.jpg,/objects/thumbs/bakhmut_city_childrens_and_youth_center_before_hyacint_th.jpg,,in ruins,Donetsk oblast,,
obj_076,,Residential House on Myru 42,,V.D.Stelmakh,V.D.Stelmakh,freeradio.com.ua,"Soviet postcard, 1975","Building in ruins, 2023",1930-s,2023-02-24,"The art deco building at 42 Myru Street forms part of the architectural ensemble of the central square. Its rounded facade compositionally reflects the same roundness of the facade of the building across from it. As a result of the damage, the building lost its inner walls, and its condition is worse than it was after the damage in the Second World War.",residential,Бахмут / Bakhmut,48.589711,38.0007,,bakhmut_myru_42_1970_s,record,,,,,multiple,/objects/bakhmut_myru_42_1970_s.jpg,/objects/small/bakhmut_myru_42_1970_s_sm.jpg,/objects/thumbs/bakhmut_myru_42_1970_s_th.jpg,,in ruins,Donetsk oblast,,
obj_079,,Railway Station,Serhii Tymoshenko,Bakhmut city museum,Bakhmut city museum,freeradio.com.ua,"Original building on the postcard, 1913","Ruins of the building, 2023","1912-1913, 1952-1953",2022-11-12,"The railway station building was built in 1912-1913. Its original appearance had features of Art Nouveau architecture. After its destruction in 1943, the station was rebuilt on top of the old foundation, but followed instead the neoclassical style, along with significant changes to the central volume. Since 2004, the station has had a protected status, but this did not prevent its facade from being distorted by composite panels. The building is now destroyed to a much greater extent.",transport,Бахмут / Bakhmut,48.591347,37.986801,,bakhmut_railway_1913,record,,,,,multiple,/objects/bakhmut_railway_1913.jpg,/objects/small/bakhmut_railway_1913_sm.jpg,/objects/thumbs/bakhmut_railway_1913_th.jpg,,in ruins,Donetsk oblast,,
obj_082,,Regional Library,"Halyna Avramenko, Nina Marchenko",most.ks.ua,most.ks.ua,most.ks.ua,Building before the war,Fire after the strike,1987,2023-11-12,The design of the Oles Honchar Regional Library was based on an improvement of an earlier project. It was located on a picturesque slope near the bank of the Dnieper river. Its valuable modernist interior was especially cherished but was lost as a result of shelling.,public,Херсон / Kherson,46.63771,32.633353,,kherson_library_before,record,,,,,multiple,/objects/kherson_library_before.jpg,/objects/small/kherson_library_before_sm.jpg,/objects/thumbs/kherson_library_before_th.jpg,,in ruins,Kherson oblast,,
obj_085,,Yuvileyniy Concert Hall,"Hryhoriy Sokolovskyi, Halyna Skripchenko",Semen Shyrochyn,Semen Shyrochyn,MNS.GOV.UA,"Concert hall before the war, 2020","Damaged building, 2023",1970,2023-02-12,"The Yuvileyniy Film and Concert Hall is a modernist landmark of Kherson. Its design was adapted from an existing plan, first implemented in Kharkiv in 1957. This is one of the very few modernist buildings to have the status of a protected architectural monument.",public,Херсон / Kherson,46.638117,32.623011,,kherson_concert_hall_before_shyrochyn,record,,,,,multiple,/objects/kherson_concert_hall_before_shyrochyn.jpg,/objects/small/kherson_concert_hall_before_shyrochyn_sm.jpg,/objects/thumbs/kherson_concert_hall_before_shyrochyn_th.jpg,,damaged,Kherson oblast,,
obj_088,,Maritime Academy,,Semen Shyrochyn,Semen Shyrochyn,suspilne.media,"Building before the war, 2020","Damaged building, 2024",1910-s,2024-07-02,"The Maritime Academy in Kherson was founded in the days of the Russian Empire. The Academy is a complex, comprised of a number of buildings, built at different times and in different styles. One of the most expressive was a corner neoclassical building with an emphasized cylindrical volume. Shelling left the left wing of the building completely ruined.",educational,Херсон / Kherson,46.635513,32.617223,,kherson_academy_shyrochyn,record,,,,,multiple,/objects/kherson_academy_shyrochyn.jpg,/objects/small/kherson_academy_shyrochyn_sm.jpg,/objects/thumbs/kherson_academy_shyrochyn_th.jpg,,in ruins,Kherson oblast,,
obj_091,,Palace of Labour,Ippolit Pretro,V. Kiryukhin,V. Kiryukhin,Pavel Dorogoy,Palace of Labour on the old postcard,"Damaged building, 2022",1914-1916,2022-03-02,"The neoclassical building, originally built by the insurance company “Russia”, occupies almost an entire block and combines residential apartments, retail and office space. During the Soviet era, it housed various institutions, including the Palace of Labor. The building is richly decorated with sculptures, including the central sculptural group, ironically titled ""Mercy of Russia"", which miraculously survived the Russian shelling.",administrative / residential,Харків / Kharkiv,49.988513,36.23265,,kharkiv_palaceoflabour_v_kiryukhin,record,,,,,multiple,/objects/kharkiv_palaceoflabour_v_kiryukhin.jpg,/objects/small/kharkiv_palaceoflabour_v_kiryukhin_sm.jpg,/objects/thumbs/kharkiv_palaceoflabour_v_kiryukhin_th.jpg,,in ruins,Kharkiv oblast,,
obj_094,,Palace of Culture of the Railway Workers,Alexandr Dmitriev,B. Mindel,B. Mindel,Dmytro Kuzubov,"Palace on the old postcard, 1969","Damaged building, 2022",1927-1932,2022-08-18,"The Palace of Culture of the Railway Workers was one of the most striking examples of constructivist architecture in Kharkiv. Its façade was divided geometrically with prominent glazing in monumental scale. The interior was richly decorated with frescoes by Yevgeny Lanceray. Though the building had been preserved in almost its original form, it was damaged in an airstrike.",public,Харків / Kharkiv,49.998333,36.204278,,kharkiv_railway_palace_1969_b_mindel,record,,,,,multiple,/objects/kharkiv_railway_palace_1969_b_mindel.jpg,/objects/small/kharkiv_railway_palace_1969_b_mindel_sm.jpg,/objects/thumbs/kharkiv_railway_palace_1969_b_mindel_th.jpg,,in ruins,Kharkiv oblast,,
obj_097,,Maslovsky's Apartment Building,Moisey Meletinskiy,moniacs.kh.ua,moniacs.kh.ua,slovoidilo.ua,"Original exterior, 1930-s","Ruined building, 2022",1911,2022-03-14,"Maslovsky's apartment house was built in the Art Nouveau style. The house retained its lavishly decorated main staircase and vestibule with an authentic wooden door. Despite minor changes to the exterior, the Art Nouveau interior was preserved. A projectile impact destroyed the entire central part of the building.",residential,Харків / Kharkiv,50.003445,36.238232,,kharkiv_maslovsky_moniacs_kh_ua,record,,,,,multiple,/objects/kharkiv_maslovsky_moniacs_kh_ua.jpg,/objects/small/kharkiv_maslovsky_moniacs_kh_ua_sm.jpg,/objects/thumbs/kharkiv_maslovsky_moniacs_kh_ua_th.jpg,,in ruins,Kharkiv oblast,,
obj_100,,Palace of Culture,"Mark Bubnov, Vadim Davidenko, Ilya Bylinkin",kharkivoda.gov.ua,kharkivoda.gov.ua,suspilne.media,"Building before the war, 2021",Moment of missile strike,1977,2022-05-20,"The City Palace of Culture was the largest cultural space in Lozova. It was constructed according to a a standard design. Before the war, the building was restored. Despite a direct missile hit, its restoration remains possible.",public,Лозова / Lozova,48.879522,36.297417,,lozova_palace_before_kharkivoda_gov_ua,record,,,,,multiple,/objects/lozova_palace_before_kharkivoda_gov_ua.jpg,/objects/small/lozova_palace_before_kharkivoda_gov_ua_sm.jpg,/objects/thumbs/lozova_palace_before_kharkivoda_gov_ua_th.jpg,,restoration announced,Kharkiv oblast,,
obj_103,,Railway Station,,ui.org.ua,ui.org.ua,railexpoua.com,Railway station before the war,Remains of station after a direct hit,1895,2022-03-03,"The one-story building of the railway station had been preserved since the railway first appeared in the city. It was a typical example of railway architecture of those years. The building survived World War II and was restored in the interim. A direct hit during Russian shelling, however, left nothing to be restored.",transport,Охтирка / Okhtyrka,50.317155,34.916356,,okhtyrka_railway_ui_org_ua,record,,,,,multiple,/objects/okhtyrka_railway_ui_org_ua.jpg,/objects/small/okhtyrka_railway_ui_org_ua_sm.jpg,/objects/thumbs/okhtyrka_railway_ui_org_ua_th.jpg,,completely demolished,Sumy oblast,,
obj_106,,Skovoroda Museum,,Denis Vitchenko,Denis Vitchenko,chytomo.com,"Museum before the war, 2011",Fire after the strike,XVIII century,2022-05-06,"The museum of the Ukrainian philosopher Skovoroda located in the Kovalivsky estate is one of the oldest buildings to have suffered damage during the Russian-Ukrainian war. Though a direct missile hit damaged the building, a significant part of the exhibits were saved through prompt evacuation. Plans to restore the museum have been announced.",museum,Сковородинівка / Skovorodynivka,50.156808,35.767091,,skovorodynivka_2011_denis_vitchenko,record,,,,,multiple,/objects/skovorodynivka_2011_denis_vitchenko.jpg,/objects/small/skovorodynivka_2011_denis_vitchenko_sm.jpg,/objects/thumbs/skovorodynivka_2011_denis_vitchenko_th.jpg,,restoration announced,Kharkiv oblast,,
obj_109,,Residential House on Vokzalna Square,Ivan Zayichenko,Semen Shyrochyn,Semen Shyrochyn,suspilne.media,Building in 2008,Morning after the attack,1950-s,2024-04-19,"The residential building on Vokzalna Square was one of the most important elements of the square's neoclassical architectural ensemble. Originally planned with a high tower, it sits at the terminus of city’s central avenue. A missile strike on the building destroyed its top floor.",residential,Дніпро / Dnipro,48.475386,35.015442,,dnipro_vokzalna_shyrochyn,record,,,,,multiple,/objects/dnipro_vokzalna_shyrochyn.jpg,/objects/small/dnipro_vokzalna_shyrochyn_sm.jpg,/objects/thumbs/dnipro_vokzalna_shyrochyn_th.jpg,,damaged,Dnipropetrovsk oblast,,
obj_112,,Residential House on Marat Street,,Volodymyr Kotsarenko,Volodymyr Kotsarenko,Ilya Andreev,Building before the war,"Ruined building, 2022",1950-s,2023-02-01,"The residential building at 13 Marata Street was a part of an ensemble of four buildings, with three of the four built in the 1950s. Despite its overall modesty, the facade was adorned with a number of neoclassical decorations. After a missile strike, several sections of the building were destroyed. Residents want the building to be restored, but city authorities doubt this is possible.",residential,Краматорськ / Kramatorsk,48.742019,37.591763,,kramatorsk_marata13_volodymyr_kotsarenko,record,,,,,multiple,/objects/kramatorsk_marata13_volodymyr_kotsarenko.jpg,/objects/small/kramatorsk_marata13_volodymyr_kotsarenko_sm.jpg,/objects/thumbs/kramatorsk_marata13_volodymyr_kotsarenko_th.jpg,,in ruins,Donetsk oblast,,
obj_115,,Okhmadyt Children's Hospital,Vladimir Nikolaev,village.com.ua,village.com.ua,moz.gov.ua,"Old photo of the building, early XX century","Hospital after the attack, 2024",1901-1903,2024-07-08,"The children's hospital was built during the Russian Empire with funds from philanthropist Nikola Tereshchenko. The missile's impact on the hospital building was one of the most famous and egregious cases of a strike on civilian infrastructure during Russian-Ukrainian war. Despite non-critical damage and many donations, it is unknown whether the historic building will be restored.",hospital,Київ / Kyiv,50.450393,30.481876,,kyiv_okhmadyt_village_com_ua,record,,,,,multiple,/objects/kyiv_okhmadyt_village_com_ua.jpg,/objects/small/kyiv_okhmadyt_village_com_ua_sm.jpg,/objects/thumbs/kyiv_okhmadyt_village_com_ua_th.jpg,,in ruins,Kyiv,,
obj_118,,Palace of Culture,Zoya Brod,Semen Shyrochyn,Semen Shyrochyn,Yulia Mashuta,"Building before the war, 2017","Ruined building, 2022",1954,2022-03-17,"Irpin's Palace of Culture was built by order of the Bucha brick factory. It was the city's most monumental building, decorated with sculpture and neoclassical decorations. As a result of the shelling, the building was damaged, and there is an ongoing discussion about the possibility of its restoration.",public,Ірпінь / Irpin,50.533906,30.233326,,irpin_club_shyrochyn,record,,,,,multiple,/objects/irpin_club_shyrochyn.jpg,/objects/small/irpin_club_shyrochyn_sm.jpg,/objects/thumbs/irpin_club_shyrochyn_th.jpg,,in ruins,Kyiv oblast,,
img_002,obj_001,Railway Station,V. M. Syromyatnikov,pastvu.com,pastvu.com,,Kostyantynivka Railway station in 1949,,1949,,,,Костянтинівка / Kostyantynivka,,,,kostyantynivka_railway_pastvu,Image;StillImage,image/jpeg,,,,image,/objects/kostyantynivka_railway_pastvu.jpg,/objects/small/kostyantynivka_railway_pastvu_sm.jpg,/objects/thumbs/kostyantynivka_railway_pastvu_th.jpg,Kostyantynivka Railway station in 1949,,,Kostyantynivka Railway station in 1949,
img_003,obj_001,Railway Station,V. M. Syromyatnikov,Serhii Leshchenko,,Serhii Leshchenko,,Ruins of Kostyantynivka Railway station,,2024-02-25,,,Костянтинівка / Kostyantynivka,,,,kostyantynivka_railway_serhii_leshchenko,Image;StillImage,image/jpeg,,,,image,/objects/kostyantynivka_railway_serhii_leshchenko.jpg,/objects/small/kostyantynivka_railway_serhii_leshchenko_sm.jpg,/objects/thumbs/kostyantynivka_railway_serhii_leshchenko_th.jpg,Ruins of Kostyantynivka Railway station,,,Ruins of Kostyantynivka Railway station,
img_005,obj_004,Tarnovsky House (Youth Library),,Semen Shyrochyn,Semen Shyrochyn,,Main façade of the Chernihiv youth library before the war,,1900-1901,,,,Чернігів / Chernihiv,,,,chernihiv_library_semen_shyrochyn,Image;StillImage,image/jpeg,,,,image,/objects/chernihiv_library_semen_shyrochyn.jpg,/objects/small/chernihiv_library_semen_shyrochyn_sm.jpg,/objects/thumbs/chernihiv_library_semen_shyrochyn_th.jpg,Main façade of the Chernihiv youth library before the war,,,Main façade of the Chernihiv youth library before the war,
img_006,obj_004,Tarnovsky House (Youth Library),,Ministry of Internal affairs of Ukraine,,Ministry of Internal affairs of Ukraine,,The damaged building of Chernihiv youth library,,2022-03-11,,,Чернігів / Chernihiv,,,,chernihiv_library_ministry,Image;StillImage,image/jpeg,,,,image,/objects/chernihiv_library_ministry.jpg,/objects/small/chernihiv_library_ministry_sm.jpg,/objects/thumbs/chernihiv_library_ministry_th.jpg,The damaged building of Chernihiv youth library,,,The damaged building of Chernihiv youth library,
img_008,obj_007,Drama Theatre,"Olexandra Krylova, Oleg Malyshenko",Semen Shyrochyn,Semen Shyrochyn,,Main façade of the Chernihiv Drama theater before the war,,1959,,,,Чернігів / Chernihiv,,,,chernihiv_theatre_semen_shyrochyn,Image;StillImage,image/jpeg,,,,image,/objects/chernihiv_theatre_semen_shyrochyn.jpg,/objects/small/chernihiv_theatre_semen_shyrochyn_sm.jpg,/objects/thumbs/chernihiv_theatre_semen_shyrochyn_th.jpg,Main façade of the Chernihiv Drama theater before the war,,,Main façade of the Chernihiv Drama theater before the war,
img_009,obj_007,Drama Theatre,"Olexandra Krylova, Oleg Malyshenko",Suspile Chernihiv,,Suspile Chernihiv,,Aerial view of the Chernihiv Drama theater after the strike,,2023-08-19,,,Чернігів / Chernihiv,,,,chernihiv_theatre_suspilne_chernihiv,Image;StillImage,image/jpeg,,,,image,/objects/chernihiv_theatre_suspilne_chernihiv.jpg,/objects/small/chernihiv_theatre_suspilne_chernihiv_sm.jpg,/objects/thumbs/chernihiv_theatre_suspilne_chernihiv_th.jpg,Aerial view of the Chernihiv Drama theater after the strike,,,Aerial view of the Chernihiv Drama theater after the strike,
img_011,obj_010,House Of Officers,Joseph Karakis,Semen Shyrochyn,Semen Shyrochyn,,"Main façade of the House of Officers, 2008",,1940,,,,Вінниця / Vynnitsya,,,,vynnitsya_semen_shyrochyn,Image;StillImage,image/jpeg,,,,image,/objects/vynnitsya_semen_shyrochyn.jpg,/objects/small/vynnitsya_semen_shyrochyn_sm.jpg,/objects/thumbs/vynnitsya_semen_shyrochyn_th.jpg,"Main façade of the House of Officers, 2008",,,"Main façade of the House of Officers, 2008",
img_012,obj_010,House Of Officers,Joseph Karakis,president.gov.ua,,president.gov.ua,,Aerial view of the House of Officers after the strike,,2022-07-14,,,Вінниця / Vynnitsya,,,,vynnitsya_president_gov_ua,Image;StillImage,image/jpeg,,,,image,/objects/vynnitsya_president_gov_ua.jpg,/objects/small/vynnitsya_president_gov_ua_sm.jpg,/objects/thumbs/vynnitsya_president_gov_ua_th.jpg,Aerial view of the House of Officers after the strike,,,Aerial view of the House of Officers after the strike,
img_014,obj_013,Bus Station,Volodymyr Vesnin,dp.informator.ua,dp.informator.ua,,Aerial view of the Bus station before the attack,,1993,,,,Дніпро / Dnipro,,,,dnipro_bus_station_dp_informator_ua,Image;StillImage,image/jpeg,,,,image,/objects/dnipro_bus_station_dp_informator_ua.jpg,/objects/small/dnipro_bus_station_dp_informator_ua_sm.jpg,/objects/thumbs/dnipro_bus_station_dp_informator_ua_th.jpg,Aerial view of the Bus station before the attack,,,Aerial view of the Bus station before the attack,
img_015,obj_013,Bus Station,Volodymyr Vesnin,Mykola Synelnykov (REUTERS),,Mykola Synelnykov (REUTERS),,Ruins of the bus station on the day of the attack,,2023-08-24,,,Дніпро / Dnipro,,,,dnipro_bus_station_mykola_synelnykov(reuters),Image;StillImage,image/jpeg,,,,image,/objects/dnipro_bus_station_mykola_synelnykov(reuters).jpg,/objects/small/dnipro_bus_station_mykola_synelnykov(reuters)_sm.jpg,/objects/thumbs/dnipro_bus_station_mykola_synelnykov(reuters)_th.jpg,Ruins of the bus station on the day of the attack,,,Ruins of the bus station on the day of the attack,
img_017,obj_016,Ice Sports Palace,"M. A. Aistov, Yu. A. Regentov, S. N. Badmaeva",Olexandr Yakubenko,Olexandr Yakubenko,,Ice Sports palace before the war,,1970-1975,,,,Сєвєродонецьк / Severodonetsk,,,,severodonetsk_ice_palace(olexandr_yakubenko),Image;StillImage,image/jpeg,,,,image,/objects/severodonetsk_ice_palace(olexandr_yakubenko).jpg,/objects/small/severodonetsk_ice_palace(olexandr_yakubenko)_sm.jpg,/objects/thumbs/severodonetsk_ice_palace(olexandr_yakubenko)_th.jpg,Ice Sports palace before the war,,,Ice Sports palace before the war,
img_018,obj_016,Ice Sports Palace,"M. A. Aistov, Yu. A. Regentov, S. N. Badmaeva",vchaspik.ua,,vchaspik.ua,,Ruins of Ice Sports Palace,,2022-06-01,,,Сєвєродонецьк / Severodonetsk,,,,severodonetsk_ice_palace(vchaspik_ua),Image;StillImage,image/jpeg,,,,image,/objects/severodonetsk_ice_palace(vchaspik_ua).jpg,/objects/small/severodonetsk_ice_palace(vchaspik_ua)_sm.jpg,/objects/thumbs/severodonetsk_ice_palace(vchaspik_ua)_th.jpg,Ruins of Ice Sports Palace,,,Ruins of Ice Sports Palace,
img_020,obj_019,Joseph Lev House On Zhylianska Street,,Semen Shyrochyn,Semen Shyrochyn,,Josehp Lev house before the war,,1899-1900,,,,Київ / Kyiv,,,,kyiv_zhylianska_semen_shyrochyn,Image;StillImage,image/jpeg,,,,image,/objects/kyiv_zhylianska_semen_shyrochyn.jpg,/objects/small/kyiv_zhylianska_semen_shyrochyn_sm.jpg,/objects/thumbs/kyiv_zhylianska_semen_shyrochyn_th.jpg,Josehp Lev house before the war,,,Josehp Lev house before the war,
img_021,obj_019,Joseph Lev House On Zhylianska Street,,sviydim.media,,sviydim.media,,Josehp Lev house in ruins,,2022-10-17,,,Київ / Kyiv,,,,kyiv_zhylianska_sviydim_media,Image;StillImage,image/jpeg,,,,image,/objects/kyiv_zhylianska_sviydim_media.jpg,/objects/small/kyiv_zhylianska_sviydim_media_sm.jpg,/objects/thumbs/kyiv_zhylianska_sviydim_media_th.jpg,Josehp Lev house in ruins,,,Josehp Lev house in ruins,
img_023,obj_022,Zaporozhstal Factory House,"Volodymyr Pohorelov, Esfir Belman",Semen Shyrochyn,Semen Shyrochyn,,Zaporozhstal factory house before the war,,1955,,,,Запоріжжя / Zaporizhzhia,,,,zaporizhzhia_151_semen_shyrochyn,Image;StillImage,image/jpeg,,,,image,/objects/zaporizhzhia_151_semen_shyrochyn.jpg,/objects/small/zaporizhzhia_151_semen_shyrochyn_sm.jpg,/objects/thumbs/zaporizhzhia_151_semen_shyrochyn_th.jpg,Zaporozhstal factory house before the war,,,Zaporozhstal factory house before the war,
img_024,obj_022,Zaporozhstal Factory House,"Volodymyr Pohorelov, Esfir Belman",zprz.city,,zprz.city,,Zaporozhstal factory house on the day of attack,,2022-10-06,,,Запоріжжя / Zaporizhzhia,,,,zaporizhzhia_151_zprz_city,Image;StillImage,image/jpeg,,,,image,/objects/zaporizhzhia_151_zprz_city.jpg,/objects/small/zaporizhzhia_151_zprz_city_sm.jpg,/objects/thumbs/zaporizhzhia_151_zprz_city_th.jpg,Zaporozhstal factory house on the day of attack,,,Zaporozhstal factory house on the day of attack,
img_026,obj_025,Kahovska Power Plant,Georgy Orlov,uhe.gov.ua,uhe.gov.ua,,Aerial view of the Kahovska power plant machine hall before the war,,1952-1955,,,,Нова Каховка / Nova Kakhovka,,,,kahovka_ges_uhe_gov_ua,Image;StillImage,image/jpeg,,,,image,/objects/kahovka_ges_uhe_gov_ua.jpg,/objects/small/kahovka_ges_uhe_gov_ua_sm.jpg,/objects/thumbs/kahovka_ges_uhe_gov_ua_th.jpg,Aerial view of the Kahovska power plant machine hall before the war,,,Aerial view of the Kahovska power plant machine hall before the war,
img_027,obj_025,Kahovska Power Plant,Georgy Orlov,news.obozrevatel.com,,news.obozrevatel.com,,Ruins of the demolished Kahovska power plant,,2023-06-06,,,Нова Каховка / Nova Kakhovka,,,,kahovka_ges_news_obozrevatel_com,Image;StillImage,image/jpeg,,,,image,/objects/kahovka_ges_news_obozrevatel_com.jpg,/objects/small/kahovka_ges_news_obozrevatel_com_sm.jpg,/objects/thumbs/kahovka_ges_news_obozrevatel_com_th.jpg,Ruins of the demolished Kahovska power plant,,,Ruins of the demolished Kahovska power plant,
img_029,obj_028,Dniprohes Machine Hall,Viktor Vesnin,Oleksandr Malyon,Oleksandr Malyon,,DniproHES machine hall before the war,,1930-1932,,,,Запоріжжя / Zaporizhzhia,,,,zaporizhzhia_dnoproges_oleksandr_malyon,Image;StillImage,image/jpeg,,,,image,/objects/zaporizhzhia_dnoproges_oleksandr_malyon.jpg,/objects/small/zaporizhzhia_dnoproges_oleksandr_malyon_sm.jpg,/objects/thumbs/zaporizhzhia_dnoproges_oleksandr_malyon_th.jpg,DniproHES machine hall before the war,,,DniproHES machine hall before the war,
img_030,obj_028,Dniprohes Machine Hall,Viktor Vesnin,president.gov.ua,,president.gov.ua,,Inside the ruined DniproHES machine hall,,2023-02-10,,,Запоріжжя / Zaporizhzhia,,,,zaporizhzhia_dnoproges_president_gov_ua,Image;StillImage,image/jpeg,,,,image,/objects/zaporizhzhia_dnoproges_president_gov_ua.jpg,/objects/small/zaporizhzhia_dnoproges_president_gov_ua_sm.jpg,/objects/thumbs/zaporizhzhia_dnoproges_president_gov_ua_th.jpg,Inside the ruined DniproHES machine hall,,,Inside the ruined DniproHES machine hall,
img_032,obj_031,Lysychansk Gymnasium,,Serhii Hayday,Serhii Hayday,,Gymnasium before the war,,1895,,,,Лисичанськ / Lysychansk,,,,lysychansk_gymnasium_before_serhii_hayday,Image;StillImage,image/jpeg,,,,image,/objects/lysychansk_gymnasium_before_serhii_hayday.jpg,/objects/small/lysychansk_gymnasium_before_serhii_hayday_sm.jpg,/objects/thumbs/lysychansk_gymnasium_before_serhii_hayday_th.jpg,Gymnasium before the war,,,Gymnasium before the war,
img_033,obj_031,Lysychansk Gymnasium,,Serhii Hayday,,Serhii Hayday,,Gymnasium during the fire,,2022-05-01,,,Лисичанськ / Lysychansk,,,,lysychansk_gymnasium_after_serhii_hayday,Image;StillImage,image/jpeg,,,,image,/objects/lysychansk_gymnasium_after_serhii_hayday.jpg,/objects/small/lysychansk_gymnasium_after_serhii_hayday_sm.jpg,/objects/thumbs/lysychansk_gymnasium_after_serhii_hayday_th.jpg,Gymnasium during the fire,,,Gymnasium during the fire,
img_035,obj_034,Palace Of Engineers And Technicians,"Vladyslav Fadeichev, Boris Dzbanovskyi, Yevhen Ivanov",donmining.info,donmining.info,,Palace in the 1950-s,,1953,,,,Лисичанськ / Lysychansk,,,,lysychansk_itr_donmining_info,Image;StillImage,image/jpeg,,,,image,/objects/lysychansk_itr_donmining_info.jpg,/objects/small/lysychansk_itr_donmining_info_sm.jpg,/objects/thumbs/lysychansk_itr_donmining_info_th.jpg,Palace in the 1950-s,,,Palace in the 1950-s,
img_036,obj_034,Palace Of Engineers And Technicians,"Vladyslav Fadeichev, Boris Dzbanovskyi, Yevhen Ivanov",vchaspik.ua,,vchaspik.ua,,"Ruins of the palace, 2022",,2022-06-15,,,Лисичанськ / Lysychansk,,,,lysychansk_itr_vchaspik_ua,Image;StillImage,image/jpeg,,,,image,/objects/lysychansk_itr_vchaspik_ua.jpg,/objects/small/lysychansk_itr_vchaspik_ua_sm.jpg,/objects/thumbs/lysychansk_itr_vchaspik_ua_th.jpg,"Ruins of the palace, 2022",,,"Ruins of the palace, 2022",
img_038,obj_037,Kostyantynivka City Administration,Emmanuil Kodnir,konstrada.gov.ua,konstrada.gov.ua,,"City administration before the war, 2016",,1934-1935,,,,Костянтинівка / Kostyantynivka,,,,kostyantynivka_administration_konstrada_gov_ua,Image;StillImage,image/jpeg,,,,image,/objects/kostyantynivka_administration_konstrada_gov_ua.jpg,/objects/small/kostyantynivka_administration_konstrada_gov_ua_sm.jpg,/objects/thumbs/kostyantynivka_administration_konstrada_gov_ua_th.jpg,"City administration before the war, 2016",,,"City administration before the war, 2016",
img_039,obj_037,Kostyantynivka City Administration,Emmanuil Kodnir,Donetsk Regional State Administration,,Donetsk Regional State Administration,,"Damaged city administration building, 2024",,2024-10-06,,,Костянтинівка / Kostyantynivka,,,,kostyantynivka_administration_oda,Image;StillImage,image/jpeg,,,,image,/objects/kostyantynivka_administration_oda.jpg,/objects/small/kostyantynivka_administration_oda_sm.jpg,/objects/thumbs/kostyantynivka_administration_oda_th.jpg,"Damaged city administration building, 2024",,,"Damaged city administration building, 2024",
img_041,obj_040,Kharkiv Regional Administration,"Volodymyr Orekhov, Venyamin Kostenko",Semen Shyrochyn,Semen Shyrochyn,,"Regional administration before the war, 2018",,1951-1954,,,,Харків / Kharkiv,,,,kharkiv_oda_shyrochyn,Image;StillImage,image/jpeg,,,,image,/objects/kharkiv_oda_shyrochyn.jpg,/objects/small/kharkiv_oda_shyrochyn_sm.jpg,/objects/thumbs/kharkiv_oda_shyrochyn_th.jpg,"Regional administration before the war, 2018",,,"Regional administration before the war, 2018",
img_042,obj_040,Kharkiv Regional Administration,"Volodymyr Orekhov, Venyamin Kostenko",MNS.GOV.UA,,MNS.GOV.UA,,"Ruins of building, 2022",,2022-03-01,,,Харків / Kharkiv,,,,kharkiv_oda_mns_gov_ua,Image;StillImage,image/jpeg,,,,image,/objects/kharkiv_oda_mns_gov_ua.jpg,/objects/small/kharkiv_oda_mns_gov_ua_sm.jpg,/objects/thumbs/kharkiv_oda_mns_gov_ua_th.jpg,"Ruins of building, 2022",,,"Ruins of building, 2022",
img_044,obj_043,Mykolaiv Regional Administration,"Svitlana Fadeeva, Petro Kazmerchuk",dnabb.org,dnabb.org,,"Administration building right after completion, 1981",,1981,,,,Миколаїв / Mykolaiv,,,,mykolaiv_oda_dnabb,Image;StillImage,image/jpeg,,,,image,/objects/mykolaiv_oda_dnabb.jpg,/objects/small/mykolaiv_oda_dnabb_sm.jpg,/objects/thumbs/mykolaiv_oda_dnabb_th.jpg,"Administration building right after completion, 1981",,,"Administration building right after completion, 1981",
img_045,obj_043,Mykolaiv Regional Administration,"Svitlana Fadeeva, Petro Kazmerchuk",Dsns.gov.ua,,Dsns.gov.ua,,"Ruins of building, 2022",,2022-03-29,,,Миколаїв / Mykolaiv,,,,mykolaiv_oda_dsns,Image;StillImage,image/jpeg,,,,image,/objects/mykolaiv_oda_dsns.jpg,/objects/small/mykolaiv_oda_dsns_sm.jpg,/objects/thumbs/mykolaiv_oda_dsns_th.jpg,"Ruins of building, 2022",,,"Ruins of building, 2022",
img_047,obj_046,Housing For Polytechnicians,Mihal Ryba,Roman Baluk,Roman Baluk,,"Ruins of building, 2022",,1930,,,,Львів / Lviv,,,,lviv_polytechnic_baluk_ruined,Image;StillImage,image/jpeg,,,,image,/objects/lviv_polytechnic_baluk_ruined.jpg,/objects/small/lviv_polytechnic_baluk_ruined_sm.jpg,/objects/thumbs/lviv_polytechnic_baluk_ruined_th.jpg,"Ruins of building, 2022",,,"Ruins of building, 2022",
img_048,obj_046,Housing For Polytechnicians,Mihal Ryba,Roman Baluk,,Roman Baluk,,"Restored building, 2024",,2023-07-06,,,Львів / Lviv,,,,lviv_polytechnic_baluk_restored,Image;StillImage,image/jpeg,,,,image,/objects/lviv_polytechnic_baluk_restored.jpg,/objects/small/lviv_polytechnic_baluk_restored_sm.jpg,/objects/thumbs/lviv_polytechnic_baluk_restored_th.jpg,"Restored building, 2024",,,"Restored building, 2024",
img_050,obj_049,Spaso-Preobrazhensky Cathedral,Vikentiy Vanrezant,Semen Shyrochyn,Semen Shyrochyn,,"Cathedral before the war, 2013",,"1804-1808, 1999-2003",,,,Одеса / Odesa,,,,odessa_sobor_shyrochyn,Image;StillImage,image/jpeg,,,,image,/objects/odessa_sobor_shyrochyn.jpg,/objects/small/odessa_sobor_shyrochyn_sm.jpg,/objects/thumbs/odessa_sobor_shyrochyn_th.jpg,"Cathedral before the war, 2013",,,"Cathedral before the war, 2013",
img_051,obj_049,Spaso-Preobrazhensky Cathedral,Vikentiy Vanrezant,president.gov.ua,,president.gov.ua,,"Cathedral after attack, 2023",,2023-07-23,,,Одеса / Odesa,,,,odessa_sobor_president_gov_ua,Image;StillImage,image/jpeg,,,,image,/objects/odessa_sobor_president_gov_ua.jpg,/objects/small/odessa_sobor_president_gov_ua_sm.jpg,/objects/thumbs/odessa_sobor_president_gov_ua_th.jpg,"Cathedral after attack, 2023",,,"Cathedral after attack, 2023",
img_053,obj_052,St. George Church,,Ivan Bykov,Ivan Bykov,,Church before the war,,1873,,,,Заворичі / Zavorychi,,,,zavorychi_bykov,Image;StillImage,image/jpeg,,,,image,/objects/zavorychi_bykov.jpg,/objects/small/zavorychi_bykov_sm.jpg,/objects/thumbs/zavorychi_bykov_th.jpg,Church before the war,,,Church before the war,
img_054,obj_052,St. George Church,,Ukrinform,,Ukrinform,,The fire that destroyed the church,,2022-03-07,,,Заворичі / Zavorychi,,,,zavorychi_ukrinform,Image;StillImage,image/jpeg,,,,image,/objects/zavorychi_ukrinform.jpg,/objects/small/zavorychi_ukrinform_sm.jpg,/objects/thumbs/zavorychi_ukrinform_th.jpg,The fire that destroyed the church,,,The fire that destroyed the church,
img_056,obj_055,Church Of The Nativity Of The Blessed Virgin Mary,,zhitomir.info,zhitomir.info,,Church before the war,,1862,,,,В'язівка / Vyazivka,,,,vyazivka_zhitomir_info_1,Image;StillImage,image/jpeg,,,,image,/objects/vyazivka_zhitomir_info_1.jpg,/objects/small/vyazivka_zhitomir_info_1_sm.jpg,/objects/thumbs/vyazivka_zhitomir_info_1_th.jpg,Church before the war,,,Church before the war,
img_057,obj_055,Church Of The Nativity Of The Blessed Virgin Mary,,zhitomir.info,,zhitomir.info,,"Ruins of the church, 2022",,2022-03-07,,,В'язівка / Vyazivka,,,,vyazivka_zhitomir_info_2,Image;StillImage,image/jpeg,,,,image,/objects/vyazivka_zhitomir_info_2.jpg,/objects/small/vyazivka_zhitomir_info_2_sm.jpg,/objects/thumbs/vyazivka_zhitomir_info_2_th.jpg,"Ruins of the church, 2022",,,"Ruins of the church, 2022",
img_059,obj_058,House Of Abrasive Plant Workers,Georgiy Vegman,Semen Shyrochyn,Semen Shyrochyn,,"Building before the war, 2021",,1955,,,,Запоріжжя / Zaporizhzhia,,,,zaporizhzhia_sobor44_shyrochyn,Image;StillImage,image/jpeg,,,,image,/objects/zaporizhzhia_sobor44_shyrochyn.jpg,/objects/small/zaporizhzhia_sobor44_shyrochyn_sm.jpg,/objects/thumbs/zaporizhzhia_sobor44_shyrochyn_th.jpg,"Building before the war, 2021",,,"Building before the war, 2021",
img_060,obj_058,House Of Abrasive Plant Workers,Georgiy Vegman,1news.zp.ua,,1news.zp.ua,,"Ruins of building, 2023",,2023-10-18,,,Запоріжжя / Zaporizhzhia,,,,zaporizhzhia_sobor44_1news_zp_ua,Image;StillImage,image/jpeg,,,,image,/objects/zaporizhzhia_sobor44_1news_zp_ua.jpg,/objects/small/zaporizhzhia_sobor44_1news_zp_ua_sm.jpg,/objects/thumbs/zaporizhzhia_sobor44_1news_zp_ua_th.jpg,"Ruins of building, 2023",,,"Ruins of building, 2023",
img_062,obj_061,Drama Theatre,"Oleksandra Krylova, Oleg Malyshenko",Semen Shyrochyn,Semen Shyrochyn,,"Building before the war, 2021",,1956-1960,,,,Маріуполь / Mariupol,,,,mariupol_theatre_shyrochyn,Image;StillImage,image/jpeg,,,,image,/objects/mariupol_theatre_shyrochyn.jpg,/objects/small/mariupol_theatre_shyrochyn_sm.jpg,/objects/thumbs/mariupol_theatre_shyrochyn_th.jpg,"Building before the war, 2021",,,"Building before the war, 2021",
img_063,obj_061,Drama Theatre,"Oleksandra Krylova, Oleg Malyshenko",Reuters,,Reuters,,"Damaged theatre building, 2022",,2022-03-16,,,Маріуполь / Mariupol,,,,mariupol_theatre_reuters,Image;StillImage,image/jpeg,,,,image,/objects/mariupol_theatre_reuters.jpg,/objects/small/mariupol_theatre_reuters_sm.jpg,/objects/thumbs/mariupol_theatre_reuters_th.jpg,"Damaged theatre building, 2022",,,"Damaged theatre building, 2022",
img_065,obj_064,House With The Clock,,informator.ua,informator.ua,,House with a clock before the war,,1950-s,,,,Маріуполь / Mariupol,,,,mariupol_clock_before_informator_ua,Image;StillImage,image/jpeg,,,,image,/objects/mariupol_clock_before_informator_ua.jpg,/objects/small/mariupol_clock_before_informator_ua_sm.jpg,/objects/thumbs/mariupol_clock_before_informator_ua_th.jpg,House with a clock before the war,,,House with a clock before the war,
img_066,obj_064,House With The Clock,,informator.ua,,informator.ua,,"House after demolition, 2022",,2023-01-27,,,Маріуполь / Mariupol,,,,mariupol_clock_after_informator_ua,Image;StillImage,image/jpeg,,,,image,/objects/mariupol_clock_after_informator_ua.jpg,/objects/small/mariupol_clock_after_informator_ua_sm.jpg,/objects/thumbs/mariupol_clock_after_informator_ua_th.jpg,"House after demolition, 2022",,,"House after demolition, 2022",
img_068,obj_067,Railway Station,Oscar Pleskov,modernism.in.ua,modernism.in.ua,,"Railway station on the old postard, 1980-s",,1974,,,,Маріуполь / Mariupol,,,,mariupol_railway_modernism_in_ua,Image;StillImage,image/jpeg,,,,image,/objects/mariupol_railway_modernism_in_ua.jpg,/objects/small/mariupol_railway_modernism_in_ua_sm.jpg,/objects/thumbs/mariupol_railway_modernism_in_ua_th.jpg,"Railway station on the old postard, 1980-s",,,"Railway station on the old postard, 1980-s",
img_069,obj_067,Railway Station,Oscar Pleskov,Reuters,,Reuters,,"Damaged building after demolition, april 2022",,2022-07-24,,,Маріуполь / Mariupol,,,,mariupol_railway_reuters,Image;StillImage,image/jpeg,,,,image,/objects/mariupol_railway_reuters.jpg,/objects/small/mariupol_railway_reuters_sm.jpg,/objects/thumbs/mariupol_railway_reuters_th.jpg,"Damaged building after demolition, april 2022",,,"Damaged building after demolition, april 2022",
img_071,obj_070,Railway Technical School (Former City Administration),,Mykhaylo Kulishov,Mykhaylo Kulishov,,"Building before the war, 2018",,1898,,,,Бахмут / Bakhmut,,,,bakhmut_zemska_before_mykhaylo_kulishov,Image;StillImage,image/jpeg,,,,image,/objects/bakhmut_zemska_before_mykhaylo_kulishov.jpg,/objects/small/bakhmut_zemska_before_mykhaylo_kulishov_sm.jpg,/objects/thumbs/bakhmut_zemska_before_mykhaylo_kulishov_th.jpg,"Building before the war, 2018",,,"Building before the war, 2018",
img_072,obj_070,Railway Technical School (Former City Administration),,Dsns.gov.ua,,Dsns.gov.ua,,"Building at fire, 14th october 2022",,2022-10-14,,,Бахмут / Bakhmut,,,,bakhmut_zemska_fire_dsns,Image;StillImage,image/jpeg,,,,image,/objects/bakhmut_zemska_fire_dsns.jpg,/objects/small/bakhmut_zemska_fire_dsns_sm.jpg,/objects/thumbs/bakhmut_zemska_fire_dsns_th.jpg,"Building at fire, 14th october 2022",,,"Building at fire, 14th october 2022",
img_074,obj_073,Center For Children And Youth (Former Bank),Mihail Polyakov,hyacint,hyacint,,Building before the war,,1906,,,,Бахмут / Bakhmut,,,,bakhmut_city_childrens_and_youth_center_before_hyacint,Image;StillImage,image/jpeg,,,,image,/objects/bakhmut_city_childrens_and_youth_center_before_hyacint.jpg,/objects/small/bakhmut_city_childrens_and_youth_center_before_hyacint_sm.jpg,/objects/thumbs/bakhmut_city_childrens_and_youth_center_before_hyacint_th.jpg,Building before the war,,,Building before the war,
img_075,obj_073,Center For Children And Youth (Former Bank),Mihail Polyakov,Olexiy Reva,,Olexiy Reva,,"Building after the fire, November 2022",,2022-11-13,,,Бахмут / Bakhmut,,,,bakhmut_city_childrens_and_youth_center_after_olexiy_reva,Image;StillImage,image/jpeg,,,,image,/objects/bakhmut_city_childrens_and_youth_center_after_olexiy_reva.jpg,/objects/small/bakhmut_city_childrens_and_youth_center_after_olexiy_reva_sm.jpg,/objects/thumbs/bakhmut_city_childrens_and_youth_center_after_olexiy_reva_th.jpg,"Building after the fire, November 2022",,,"Building after the fire, November 2022",
img_077,obj_076,Residential House On Myru 42,,V.D.Stelmakh,V.D.Stelmakh,,"Soviet postcard, 1975",,1930-s,,,,Бахмут / Bakhmut,,,,bakhmut_myru_42_1970_s,Image;StillImage,image/jpeg,,,,image,/objects/bakhmut_myru_42_1970_s.jpg,/objects/small/bakhmut_myru_42_1970_s_sm.jpg,/objects/thumbs/bakhmut_myru_42_1970_s_th.jpg,"Soviet postcard, 1975",,,"Soviet postcard, 1975",
img_078,obj_076,Residential House On Myru 42,,freeradio.com.ua,,freeradio.com.ua,,"Building in ruins, 2023",,2023-02-24,,,Бахмут / Bakhmut,,,,bakhmut_myru_42_2023,Image;StillImage,image/jpeg,,,,image,/objects/bakhmut_myru_42_2023.jpg,/objects/small/bakhmut_myru_42_2023_sm.jpg,/objects/thumbs/bakhmut_myru_42_2023_th.jpg,"Building in ruins, 2023",,,"Building in ruins, 2023",
img_080,obj_079,Railway Station,Serhii Tymoshenko,Bakhmut city museum,Bakhmut city museum,,"Original building on the postcard, 1913",,"1912-1913, 1952-1953",,,,Бахмут / Bakhmut,,,,bakhmut_railway_1913,Image;StillImage,image/jpeg,,,,image,/objects/bakhmut_railway_1913.jpg,/objects/small/bakhmut_railway_1913_sm.jpg,/objects/thumbs/bakhmut_railway_1913_th.jpg,"Original building on the postcard, 1913",,,"Original building on the postcard, 1913",
img_081,obj_079,Railway Station,Serhii Tymoshenko,freeradio.com.ua,,freeradio.com.ua,,"Ruins of the building, 2023",,2022-11-12,,,Бахмут / Bakhmut,,,,bakhmut_railway_2023,Image;StillImage,image/jpeg,,,,image,/objects/bakhmut_railway_2023.jpg,/objects/small/bakhmut_railway_2023_sm.jpg,/objects/thumbs/bakhmut_railway_2023_th.jpg,"Ruins of the building, 2023",,,"Ruins of the building, 2023",
img_083,obj_082,Regional Library,"Halyna Avramenko, Nina Marchenko",most.ks.ua,most.ks.ua,,Building before the war,,1987,,,,Херсон / Kherson,,,,kherson_library_before,Image;StillImage,image/jpeg,,,,image,/objects/kherson_library_before.jpg,/objects/small/kherson_library_before_sm.jpg,/objects/thumbs/kherson_library_before_th.jpg,Building before the war,,,Building before the war,
img_084,obj_082,Regional Library,"Halyna Avramenko, Nina Marchenko",most.ks.ua,,most.ks.ua,,Fire after the strike,,2023-11-12,,,Херсон / Kherson,,,,kherson_library_after,Image;StillImage,image/jpeg,,,,image,/objects/kherson_library_after.jpg,/objects/small/kherson_library_after_sm.jpg,/objects/thumbs/kherson_library_after_th.jpg,Fire after the strike,,,Fire after the strike,
img_086,obj_085,Yuvileyniy Concert Hall,"Hryhoriy Sokolovskyi, Halyna Skripchenko",Semen Shyrochyn,Semen Shyrochyn,,"Concert hall before the war, 2020",,1970,,,,Херсон / Kherson,,,,kherson_concert_hall_before_shyrochyn,Image;StillImage,image/jpeg,,,,image,/objects/kherson_concert_hall_before_shyrochyn.jpg,/objects/small/kherson_concert_hall_before_shyrochyn_sm.jpg,/objects/thumbs/kherson_concert_hall_before_shyrochyn_th.jpg,"Concert hall before the war, 2020",,,"Concert hall before the war, 2020",
img_087,obj_085,Yuvileyniy Concert Hall,"Hryhoriy Sokolovskyi, Halyna Skripchenko",MNS.GOV.UA,,MNS.GOV.UA,,"Damaged building, 2023",,2023-02-12,,,Херсон / Kherson,,,,kherson_concert_hall_after_police,Image;StillImage,image/jpeg,,,,image,/objects/kherson_concert_hall_after_police.jpg,/objects/small/kherson_concert_hall_after_police_sm.jpg,/objects/thumbs/kherson_concert_hall_after_police_th.jpg,"Damaged building, 2023",,,"Damaged building, 2023",
img_089,obj_088,Maritime Academy,,Semen Shyrochyn,Semen Shyrochyn,,"Building before the war, 2020",,1910-s,,,,Херсон / Kherson,,,,kherson_academy_shyrochyn,Image;StillImage,image/jpeg,,,,image,/objects/kherson_academy_shyrochyn.jpg,/objects/small/kherson_academy_shyrochyn_sm.jpg,/objects/thumbs/kherson_academy_shyrochyn_th.jpg,"Building before the war, 2020",,,"Building before the war, 2020",
img_090,obj_088,Maritime Academy,,suspilne.media,,suspilne.media,,"Damaged building, 2024",,2024-07-02,,,Херсон / Kherson,,,,kherson_academy_suspilne_media,Image;StillImage,image/jpeg,,,,image,/objects/kherson_academy_suspilne_media.jpg,/objects/small/kherson_academy_suspilne_media_sm.jpg,/objects/thumbs/kherson_academy_suspilne_media_th.jpg,"Damaged building, 2024",,,"Damaged building, 2024",
img_092,obj_091,Palace Of Labour,Ippolit Pretro,V. Kiryukhin,V. Kiryukhin,,Palace of Labour on the old postcard,,1914-1916,,,,Харків / Kharkiv,,,,kharkiv_palaceoflabour_v_kiryukhin,Image;StillImage,image/jpeg,,,,image,/objects/kharkiv_palaceoflabour_v_kiryukhin.jpg,/objects/small/kharkiv_palaceoflabour_v_kiryukhin_sm.jpg,/objects/thumbs/kharkiv_palaceoflabour_v_kiryukhin_th.jpg,Palace of Labour on the old postcard,,,Palace of Labour on the old postcard,
img_093,obj_091,Palace Of Labour,Ippolit Pretro,Pavel Dorogoy,,Pavel Dorogoy,,"Damaged building, 2022",,2022-03-02,,,Харків / Kharkiv,,,,kharkiv_palaceoflabour_pavel_dorogoy,Image;StillImage,image/jpeg,,,,image,/objects/kharkiv_palaceoflabour_pavel_dorogoy.jpg,/objects/small/kharkiv_palaceoflabour_pavel_dorogoy_sm.jpg,/objects/thumbs/kharkiv_palaceoflabour_pavel_dorogoy_th.jpg,"Damaged building, 2022",,,"Damaged building, 2022",
img_095,obj_094,Palace Of Culture Of Railwaymen,Alexandr Dmitriev,B. Mindel,B. Mindel,,"Palace on the old postcard, 1969",,1927-1932,,,,Харків / Kharkiv,,,,kharkiv_railway_palace_1969_b_mindel,Image;StillImage,image/jpeg,,,,image,/objects/kharkiv_railway_palace_1969_b_mindel.jpg,/objects/small/kharkiv_railway_palace_1969_b_mindel_sm.jpg,/objects/thumbs/kharkiv_railway_palace_1969_b_mindel_th.jpg,"Palace on the old postcard, 1969",,,"Palace on the old postcard, 1969",
img_096,obj_094,Palace Of Culture Of Railwaymen,Alexandr Dmitriev,Dmytro Kuzubov,,Dmytro Kuzubov,,"Damaged building, 2022",,2022-08-18,,,Харків / Kharkiv,,,,kharkiv_railway_palace_dmytro_kuzubov,Image;StillImage,image/jpeg,,,,image,/objects/kharkiv_railway_palace_dmytro_kuzubov.jpg,/objects/small/kharkiv_railway_palace_dmytro_kuzubov_sm.jpg,/objects/thumbs/kharkiv_railway_palace_dmytro_kuzubov_th.jpg,"Damaged building, 2022",,,"Damaged building, 2022",
img_098,obj_097,Maslovsky'S Apartment Building,Moisey Meletinskiy,moniacs.kh.ua,moniacs.kh.ua,,"Original exterior, 1930-s",,1911,,,,Харків / Kharkiv,,,,kharkiv_maslovsky_moniacs_kh_ua,Image;StillImage,image/jpeg,,,,image,/objects/kharkiv_maslovsky_moniacs_kh_ua.jpg,/objects/small/kharkiv_maslovsky_moniacs_kh_ua_sm.jpg,/objects/thumbs/kharkiv_maslovsky_moniacs_kh_ua_th.jpg,"Original exterior, 1930-s",,,"Original exterior, 1930-s",
img_099,obj_097,Maslovsky'S Apartment Building,Moisey Meletinskiy,slovoidilo.ua,,slovoidilo.ua,,"Ruined building, 2022",,2022-03-14,,,Харків / Kharkiv,,,,kharkiv_maslovsky_slovoidilo_ua,Image;StillImage,image/jpeg,,,,image,/objects/kharkiv_maslovsky_slovoidilo_ua.jpg,/objects/small/kharkiv_maslovsky_slovoidilo_ua_sm.jpg,/objects/thumbs/kharkiv_maslovsky_slovoidilo_ua_th.jpg,"Ruined building, 2022",,,"Ruined building, 2022",
img_101,obj_100,Palace Of Culture,"Mark Bubnov, Vadim Davidenko, Ilya Bylinkin",kharkivoda.gov.ua,kharkivoda.gov.ua,,"Building before the war, 2021",,1977,,,,Лозова / Lozova,,,,lozova_palace_before_kharkivoda_gov_ua,Image;StillImage,image/jpeg,,,,image,/objects/lozova_palace_before_kharkivoda_gov_ua.jpg,/objects/small/lozova_palace_before_kharkivoda_gov_ua_sm.jpg,/objects/thumbs/lozova_palace_before_kharkivoda_gov_ua_th.jpg,"Building before the war, 2021",,,"Building before the war, 2021",
img_102,obj_100,Palace Of Culture,"Mark Bubnov, Vadim Davidenko, Ilya Bylinkin",suspilne.media,,suspilne.media,,Moment of missile strike,,2022-05-20,,,Лозова / Lozova,,,,lozova_palace_attack_suspilne_media,Image;StillImage,image/jpeg,,,,image,/objects/lozova_palace_attack_suspilne_media.jpg,/objects/small/lozova_palace_attack_suspilne_media_sm.jpg,/objects/thumbs/lozova_palace_attack_suspilne_media_th.jpg,Moment of missile strike,,,Moment of missile strike,
img_104,obj_103,Railway Station,,ui.org.ua,ui.org.ua,,Railway station before the war,,1895,,,,Охтирка / Okhtyrka,,,,okhtyrka_railway_ui_org_ua,Image;StillImage,image/jpeg,,,,image,/objects/okhtyrka_railway_ui_org_ua.jpg,/objects/small/okhtyrka_railway_ui_org_ua_sm.jpg,/objects/thumbs/okhtyrka_railway_ui_org_ua_th.jpg,Railway station before the war,,,Railway station before the war,
img_105,obj_103,Railway Station,,railexpoua.com,,railexpoua.com,,Remains of station after a direct hit,,2022-03-03,,,Охтирка / Okhtyrka,,,,okhtyrka_railway_railexpoua_com,Image;StillImage,image/jpeg,,,,image,/objects/okhtyrka_railway_railexpoua_com.jpg,/objects/small/okhtyrka_railway_railexpoua_com_sm.jpg,/objects/thumbs/okhtyrka_railway_railexpoua_com_th.jpg,Remains of station after a direct hit,,,Remains of station after a direct hit,
img_107,obj_106,Skovoroda Museum,,Denis Vitchenko,Denis Vitchenko,,"Museum before the war, 2011",,XVIII century,,,,Сковородинівка / Skovorodynivka,,,,skovorodynivka_2011_denis_vitchenko,Image;StillImage,image/jpeg,,,,image,/objects/skovorodynivka_2011_denis_vitchenko.jpg,/objects/small/skovorodynivka_2011_denis_vitchenko_sm.jpg,/objects/thumbs/skovorodynivka_2011_denis_vitchenko_th.jpg,"Museum before the war, 2011",,,"Museum before the war, 2011",
img_108,obj_106,Skovoroda Museum,,chytomo.com,,chytomo.com,,Fire after the strike,,2022-05-06,,,Сковородинівка / Skovorodynivka,,,,skovorodynivka_chytomo,Image;StillImage,image/jpeg,,,,image,/objects/skovorodynivka_chytomo.jpg,/objects/small/skovorodynivka_chytomo_sm.jpg,/objects/thumbs/skovorodynivka_chytomo_th.jpg,Fire after the strike,,,Fire after the strike,
img_110,obj_109,Residential House On Vokzalna Square,Ivan Zayichenko,Semen Shyrochyn,Semen Shyrochyn,,Building in 2008,,1950-s,,,,Дніпро / Dnipro,,,,dnipro_vokzalna_shyrochyn,Image;StillImage,image/jpeg,,,,image,/objects/dnipro_vokzalna_shyrochyn.jpg,/objects/small/dnipro_vokzalna_shyrochyn_sm.jpg,/objects/thumbs/dnipro_vokzalna_shyrochyn_th.jpg,Building in 2008,,,Building in 2008,
img_111,obj_109,Residential House On Vokzalna Square,Ivan Zayichenko,suspilne.media,,suspilne.media,,Morning after the attack,,2024-04-19,,,Дніпро / Dnipro,,,,dnipro_vokzalna_suspilne_media,Image;StillImage,image/jpeg,,,,image,/objects/dnipro_vokzalna_suspilne_media.jpg,/objects/small/dnipro_vokzalna_suspilne_media_sm.jpg,/objects/thumbs/dnipro_vokzalna_suspilne_media_th.jpg,Morning after the attack,,,Morning after the attack,
img_113,obj_112,Residential House On Marat Street,,Volodymyr Kotsarenko,Volodymyr Kotsarenko,,Building before the war,,1950-s,,,,Краматорськ / Kramatorsk,,,,kramatorsk_marata13_volodymyr_kotsarenko,Image;StillImage,image/jpeg,,,,image,/objects/kramatorsk_marata13_volodymyr_kotsarenko.jpg,/objects/small/kramatorsk_marata13_volodymyr_kotsarenko_sm.jpg,/objects/thumbs/kramatorsk_marata13_volodymyr_kotsarenko_th.jpg,Building before the war,,,Building before the war,
img_114,obj_112,Residential House On Marat Street,,Ilya Andreev,,Ilya Andreev,,"Ruined building, 2022",,2023-02-01,,,Краматорськ / Kramatorsk,,,,kramatorsk_marata13_ilya_andreev,Image;StillImage,image/jpeg,,,,image,/objects/kramatorsk_marata13_ilya_andreev.jpg,/objects/small/kramatorsk_marata13_ilya_andreev_sm.jpg,/objects/thumbs/kramatorsk_marata13_ilya_andreev_th.jpg,"Ruined building, 2022",,,"Ruined building, 2022",
img_116,obj_115,Okhmadyt Children'S Hospital,Vladimir Nikolaev,village.com.ua,village.com.ua,,"Old photo of the building, early XX century",,1901-1903,,,,Київ / Kyiv,,,,kyiv_okhmadyt_village_com_ua,Image;StillImage,image/jpeg,,,,image,/objects/kyiv_okhmadyt_village_com_ua.jpg,/objects/small/kyiv_okhmadyt_village_com_ua_sm.jpg,/objects/thumbs/kyiv_okhmadyt_village_com_ua_th.jpg,"Old photo of the building, early XX century",,,"Old photo of the building, early XX century",
img_117,obj_115,Okhmadyt Children'S Hospital,Vladimir Nikolaev,moz.gov.ua,,moz.gov.ua,,"Hospital after the attack, 2024",,2024-07-08,,,Київ / Kyiv,,,,kyiv_okhmadyt_moz_gov_ua,Image;StillImage,image/jpeg,,,,image,/objects/kyiv_okhmadyt_moz_gov_ua.jpg,/objects/small/kyiv_okhmadyt_moz_gov_ua_sm.jpg,/objects/thumbs/kyiv_okhmadyt_moz_gov_ua_th.jpg,"Hospital after the attack, 2024",,,"Hospital after the attack, 2024",
img_119,obj_118,Palace Of Culture,Zoya Brod,Semen Shyrochyn,Semen Shyrochyn,,"Building before the war, 2017",,1954,,,,Ірпінь / Irpin,,,,irpin_club_shyrochyn,Image;StillImage,image/jpeg,,,,image,/objects/irpin_club_shyrochyn.jpg,/objects/small/irpin_club_shyrochyn_sm.jpg,/objects/thumbs/irpin_club_shyrochyn_th.jpg,"Building before the war, 2017",,,"Building before the war, 2017",
img_120,obj_118,Palace Of Culture,Zoya Brod,Yulia Mashuta,,Yulia Mashuta,,"Ruined building, 2022",,2022-03-17,,,Ірпінь / Irpin,,,,irpin_club_yulia_mashuta,Image;StillImage,image/jpeg,,,,image,/objects/irpin_club_yulia_mashuta.jpg,/objects/small/irpin_club_yulia_mashuta_sm.jpg,/objects/thumbs/irpin_club_yulia_mashuta_th.jpg,"Ruined building, 2022",,,"Ruined building, 2022",
